id,popularity
3,0.0
4,0.0
5,0.0
6,0.0
10,1.0
39,0.0
70,1.0
71,1.0
78,1.0
81,0.0
82,1.0
98,0.0
103,1.0
105,1.0
110,0.0
112,0.0
120,0.0
128,0.0
140,1.0
148,1.0
149,0.0
167,0.0
169,1.0
172,0.0
174,1.0
175,1.0
182,0.0
190,1.0
199,1.0
200,0.0
203,1.0
204,0.0
214,1.0
235,0.0
236,1.0
247,1.0
251,0.0
263,1.0
265,1.0
268,1.0
270,0.0
282,0.0
284,1.0
291,1.0
308,1.0
320,1.0
321,1.0
329,1.0
330,1.0
333,1.0
335,1.0
338,1.0
341,1.0
350,1.0
360,0.0
362,1.0
365,0.0
370,1.0
377,1.0
384,0.0
389,1.0
393,1.0
394,0.0
396,1.0
398,0.0
405,0.0
406,0.0
425,0.0
428,0.0
430,0.0
437,0.0
439,0.0
444,1.0
449,1.0
459,1.0
460,0.0
469,0.0
479,1.0
480,0.0
483,0.0
495,0.0
503,1.0
517,1.0
521,1.0
525,0.0
531,0.0
533,1.0
540,0.0
544,1.0
547,0.0
573,0.0
578,1.0
587,0.0
593,1.0
600,1.0
629,0.0
630,1.0
636,1.0
637,0.0
662,1.0
669,1.0
671,1.0
673,1.0
678,0.0
688,0.0
692,1.0
696,1.0
704,1.0
706,1.0
707,1.0
708,1.0
711,1.0
720,1.0
721,1.0
722,1.0
723,1.0
724,1.0
733,1.0
739,1.0
742,1.0
743,1.0
745,1.0
750,1.0
757,1.0
758,1.0
759,0.0
768,1.0
770,1.0
784,1.0
806,0.0
812,0.0
815,1.0
816,0.0
817,0.0
819,1.0
822,0.0
846,1.0
867,1.0
872,1.0
883,0.0
887,1.0
888,0.0
902,0.0
912,0.0
925,0.0
933,1.0
942,0.0
950,0.0
955,1.0
956,0.0
960,0.0
964,0.0
968,1.0
977,1.0
989,0.0
994,1.0
998,1.0
1003,0.0
1015,0.0
1016,1.0
1027,1.0
1031,1.0
1037,1.0
1051,1.0
1063,1.0
1073,1.0
1078,0.0
1079,1.0
1082,0.0
1084,0.0
1087,1.0
1095,1.0
1101,0.0
1103,0.0
1131,1.0
1136,1.0
1137,1.0
1150,1.0
1151,1.0
1161,1.0
1165,0.0
1166,0.0
1171,1.0
1179,1.0
1201,1.0
1207,0.0
1227,0.0
1231,0.0
1247,1.0
1250,1.0
1254,0.0
1257,0.0
1259,1.0
1277,1.0
1281,1.0
1289,1.0
1310,1.0
1330,0.0
1332,0.0
1334,1.0
1335,1.0
1340,1.0
1344,0.0
1349,1.0
1376,0.0
1378,1.0
1382,0.0
1403,1.0
1406,1.0
1407,0.0
1411,1.0
1414,1.0
1415,1.0
1416,1.0
1426,0.0
1438,1.0
1450,0.0
1451,0.0
1463,1.0
1473,0.0
1474,0.0
1475,1.0
1477,1.0
1485,1.0
1486,0.0
1491,1.0
1495,1.0
1496,1.0
1501,1.0
1506,1.0
1526,1.0
1534,1.0
1539,1.0
1543,1.0
1551,1.0
1555,1.0
1560,1.0
1565,0.0
1567,1.0
1576,1.0
1583,1.0
1587,0.0
1590,0.0
1601,1.0
1619,1.0
1632,0.0
1636,0.0
1646,1.0
1659,1.0
1660,1.0
1673,1.0
1684,0.0
1686,1.0
1692,1.0
1700,0.0
1710,1.0
1711,1.0
1715,0.0
1721,0.0
1736,1.0
1739,1.0
1742,0.0
1750,1.0
1751,1.0
1752,0.0
1759,1.0
1768,1.0
1773,0.0
1779,0.0
1790,0.0
1795,0.0
1797,0.0
1808,1.0
1833,0.0
1834,1.0
1838,0.0
1839,1.0
1842,0.0
1852,0.0
1860,1.0
1876,0.0
1893,1.0
1894,1.0
1903,1.0
1921,1.0
1926,1.0
1930,1.0
1931,1.0
1948,1.0
1953,1.0
1958,1.0
1959,1.0
1971,1.0
1974,1.0
1990,1.0
1998,1.0
2005,1.0
2015,0.0
2018,0.0
2029,1.0
2043,0.0
2044,0.0
2047,0.0
2061,1.0
2062,0.0
2066,1.0
2069,1.0
2079,0.0
2082,0.0
2084,0.0
2088,0.0
2091,1.0
2093,0.0
2118,1.0
2120,1.0
2122,1.0
2124,1.0
2133,0.0
2138,1.0
2140,0.0
2160,1.0
2184,1.0
2208,1.0
2219,0.0
2233,1.0
2240,0.0
2243,0.0
2253,1.0
2257,1.0
2262,1.0
2276,1.0
2284,1.0
2295,1.0
2296,1.0
2302,1.0
2307,1.0
2312,1.0
2334,1.0
2337,1.0
2370,0.0
2376,1.0
2384,1.0
2388,1.0
2389,1.0
2394,1.0
2419,1.0
2430,1.0
2438,0.0
2452,1.0
2456,1.0
2488,0.0
2491,1.0
2504,1.0
2519,1.0
2524,1.0
2540,0.0
2554,1.0
2557,1.0
2562,1.0
2578,1.0
2593,0.0
2602,1.0
2608,0.0
2615,0.0
2628,0.0
2632,1.0
2633,0.0
2644,1.0
2655,0.0
2675,1.0
2692,1.0
2694,1.0
2735,1.0
2756,1.0
2758,0.0
2786,1.0
2802,0.0
2811,0.0
2820,1.0
2821,1.0
2827,1.0
2829,0.0
2835,0.0
2850,0.0
2875,1.0
2876,1.0
2888,1.0
2890,1.0
2899,1.0
2901,0.0
2909,1.0
2928,1.0
2931,1.0
2943,1.0
2960,1.0
2963,1.0
2968,0.0
2972,1.0
2989,1.0
3000,0.0
3004,1.0
3023,1.0
3025,1.0
3041,0.0
3051,1.0
3061,1.0
3073,1.0
3086,1.0
3098,1.0
3099,1.0
3121,1.0
3130,1.0
3135,1.0
3139,1.0
3183,0.0
3191,1.0
3196,1.0
3200,1.0
3212,0.0
3216,1.0
3217,1.0
3222,0.0
3229,1.0
3233,1.0
3234,0.0
3236,1.0
3239,1.0
3256,1.0
3262,0.0
3264,1.0
3269,1.0
3276,1.0
3277,1.0
3281,0.0
3292,0.0
3305,0.0
3311,1.0
3315,1.0
3328,1.0
3336,0.0
3341,1.0
3342,0.0
3354,1.0
3357,1.0
3358,1.0
3362,1.0
3363,0.0
3370,0.0
3372,1.0
3378,0.0
3399,1.0
3414,1.0
3431,1.0
3437,1.0
3441,1.0
3447,1.0
3450,1.0
3457,1.0
3461,1.0
3462,1.0
3463,0.0
3464,1.0
3466,1.0
3474,0.0
3489,1.0
3493,1.0
3502,1.0
3503,1.0
3515,1.0
3516,1.0
3518,1.0
3520,1.0
3530,1.0
3536,1.0
3548,1.0
3560,1.0
3569,0.0
3574,0.0
3593,1.0
3617,1.0
3620,1.0
3657,1.0
3662,1.0
3680,1.0
3688,1.0
3702,0.0
3741,0.0
3759,1.0
3765,1.0
3774,0.0
3788,1.0
3807,1.0
3812,1.0
3823,1.0
3826,0.0
3831,1.0
3832,1.0
3836,1.0
3841,1.0
3850,1.0
3852,1.0
3862,1.0
3893,1.0
3910,1.0
3916,1.0
3920,1.0
3941,1.0
3948,1.0
3962,0.0
3972,1.0
3986,1.0
3993,0.0
3994,0.0
3997,1.0
4019,0.0
4020,1.0
4027,1.0
4030,1.0
4042,1.0
4047,1.0
4058,1.0
4062,1.0
4065,1.0
4070,1.0
4074,1.0
4100,1.0
4110,1.0
4120,1.0
4141,1.0
4143,1.0
4151,1.0
4162,1.0
4166,1.0
4168,1.0
4169,1.0
4172,1.0
4176,0.0
4185,1.0
4186,1.0
4192,1.0
4214,1.0
4217,1.0
4218,1.0
4226,0.0
4237,1.0
4238,1.0
4266,1.0
4276,1.0
4283,1.0
4292,1.0
4294,1.0
4298,1.0
4299,1.0
4306,0.0
4307,1.0
4309,1.0
4325,0.0
4328,1.0
4330,1.0
4349,1.0
4354,1.0
4355,0.0
4358,1.0
4359,1.0
4371,1.0
4385,0.0
4393,1.0
4406,1.0
4409,1.0
4415,1.0
4420,1.0
4425,1.0
4427,1.0
4433,1.0
4440,0.0
4461,1.0
4469,1.0
4473,0.0
4485,1.0
4497,1.0
4499,1.0
4502,1.0
4507,1.0
4513,1.0
4519,1.0
4546,0.0
4547,1.0
4549,1.0
4550,1.0
4552,1.0
4555,1.0
4565,1.0
4577,1.0
4587,1.0
4591,1.0
4599,1.0
4606,1.0
4625,1.0
4626,1.0
4631,1.0
4641,1.0
4645,1.0
4648,1.0
4660,1.0
4665,0.0
4682,1.0
4692,1.0
4698,1.0
4710,0.0
4720,1.0
4723,1.0
4724,1.0
4740,0.0
4751,1.0
4753,0.0
4764,0.0
4769,1.0
4786,0.0
4789,1.0
4796,1.0
4803,1.0
4812,1.0
4813,1.0
4820,1.0
4829,1.0
4830,0.0
4835,0.0
4837,1.0
4842,1.0
4844,1.0
4846,1.0
4882,1.0
4900,1.0
4902,1.0
4909,1.0
4929,1.0
4943,1.0
4946,1.0
4951,1.0
4965,1.0
4967,1.0
4974,1.0
4976,1.0
4985,1.0
4993,1.0
4999,1.0
5002,1.0
5008,1.0
5013,1.0
5029,1.0
5038,1.0
5047,1.0
5060,1.0
5061,1.0
5063,1.0
5070,0.0
5072,0.0
5084,1.0
5100,1.0
5103,1.0
5105,1.0
5111,1.0
5117,0.0
5119,1.0
5122,1.0
5124,1.0
5133,1.0
5134,1.0
5154,1.0
5156,0.0
5166,1.0
5178,1.0
5188,1.0
5191,0.0
5194,0.0
5198,1.0
5209,1.0
5212,1.0
5215,1.0
5221,1.0
5223,0.0
5235,1.0
5242,1.0
5247,0.0
5248,1.0
5259,1.0
5268,1.0
5279,1.0
5283,1.0
5289,1.0
5292,0.0
5295,1.0
5299,1.0
5307,1.0
5322,1.0
5333,1.0
5336,1.0
5342,1.0
5354,0.0
5355,1.0
5364,1.0
5370,1.0
5374,1.0
5381,1.0
5394,1.0
5395,1.0
5398,1.0
5422,1.0
5423,1.0
5427,1.0
5437,1.0
5444,1.0
5451,1.0
5452,0.0
5453,0.0
5464,0.0
5468,1.0
5471,0.0
5483,1.0
5509,0.0
5514,1.0
5523,1.0
5530,1.0
5533,0.0
5534,1.0
5545,1.0
5572,1.0
5577,1.0
5582,1.0
5604,0.0
5611,0.0
5621,1.0
5632,1.0
5636,0.0
5641,1.0
5642,1.0
5653,1.0
5655,1.0
5663,1.0
5665,1.0
5672,1.0
5674,1.0
5677,1.0
5708,1.0
5727,1.0
5731,1.0
5739,1.0
5740,1.0
5744,0.0
5762,1.0
5766,1.0
5768,1.0
5773,0.0
5789,1.0
5791,1.0
5803,1.0
5804,0.0
5806,1.0
5812,1.0
5830,1.0
5842,0.0
5862,0.0
5870,1.0
5884,1.0
5886,1.0
5894,1.0
5900,1.0
5912,0.0
5922,1.0
5930,1.0
5931,1.0
5944,1.0
5952,1.0
5957,1.0
5959,1.0
5966,1.0
5972,1.0
5983,1.0
5987,1.0
5991,0.0
5996,0.0
6002,1.0
6021,1.0
6036,1.0
6042,1.0
6052,1.0
6059,1.0
6061,1.0
6066,1.0
6076,1.0
6097,1.0
6109,1.0
6117,1.0
6120,1.0
6123,1.0
6124,1.0
6133,1.0
6134,0.0
6138,0.0
6144,1.0
6154,1.0
6158,0.0
6160,1.0
6171,1.0
6181,1.0
6183,0.0
6191,0.0
6195,0.0
6213,1.0
6230,1.0
6255,1.0
6256,0.0
6258,1.0
6260,1.0
6269,1.0
6277,0.0
6294,1.0
6297,1.0
6304,1.0
6312,1.0
6317,1.0
6318,1.0
6321,1.0
6331,1.0
6338,1.0
6347,1.0
6356,1.0
6361,1.0
6368,1.0
6369,1.0
6376,1.0
6378,1.0
6387,1.0
6395,1.0
6403,1.0
6407,0.0
6412,1.0
6413,1.0
6416,1.0
6431,1.0
6438,1.0
6439,1.0
6440,0.0
6453,1.0
6454,1.0
6455,1.0
6456,1.0
6465,1.0
6467,1.0
6471,0.0
6477,1.0
6478,1.0
6480,0.0
6482,0.0
6490,0.0
6494,1.0
6497,1.0
6498,1.0
6507,1.0
6510,1.0
6514,1.0
6517,1.0
6524,1.0
6532,0.0
6535,0.0
6559,1.0
6562,1.0
6566,1.0
6573,1.0
6581,1.0
6582,1.0
6588,1.0
6592,0.0
6596,1.0
6600,1.0
6603,1.0
6604,0.0
6605,1.0
6613,0.0
6616,1.0
6618,1.0
6623,1.0
6624,1.0
6631,1.0
6636,0.0
6646,0.0
6650,0.0
6666,0.0
6667,1.0
6678,0.0
6689,0.0
6695,1.0
6700,1.0
6711,1.0
6721,1.0
6723,1.0
6728,1.0
6734,1.0
6743,1.0
6761,0.0
6771,0.0
6796,1.0
6798,0.0
6803,0.0
6805,0.0
6807,0.0
6817,0.0
6841,1.0
6843,0.0
6844,0.0
6854,0.0
6862,1.0
6863,0.0
6872,0.0
6885,1.0
6915,1.0
6916,0.0
6922,0.0
6929,1.0
6934,0.0
6953,1.0
6954,0.0
6971,0.0
6990,1.0
6993,1.0
7003,0.0
7004,1.0
7007,0.0
7008,0.0
7015,1.0
7017,0.0
7033,1.0
7040,0.0
7046,1.0
7052,1.0
7069,1.0
7098,1.0
7107,0.0
7112,1.0
7115,0.0
7122,0.0
7128,1.0
7133,0.0
7140,0.0
7153,1.0
7155,1.0
7156,0.0
7166,0.0
7169,1.0
7170,0.0
7171,1.0
7174,1.0
7179,0.0
7185,0.0
7189,0.0
7191,1.0
7194,0.0
7197,0.0
7202,1.0
7215,0.0
7219,0.0
7239,1.0
7250,1.0
7260,1.0
7261,0.0
7264,0.0
7289,1.0
7297,0.0
7323,0.0
7370,1.0
7374,1.0
7399,1.0
7400,0.0
7404,0.0
7406,0.0
7428,1.0
7436,1.0
7439,1.0
7440,1.0
7445,1.0
7450,1.0
7457,1.0
7461,1.0
7468,1.0
7472,0.0
7475,1.0
7490,0.0
7492,1.0
7501,0.0
7522,0.0
7526,0.0
7527,0.0
7531,0.0
7533,1.0
7556,0.0
7560,0.0
7575,0.0
7576,0.0
7588,0.0
7590,0.0
7591,1.0
7604,1.0
7606,0.0
7615,0.0
7630,0.0
7636,0.0
7641,1.0
7665,0.0
7666,0.0
7675,0.0
7682,0.0
7683,0.0
7685,0.0
7690,1.0
7693,1.0
7713,0.0
7714,1.0
7725,0.0
7729,1.0
7748,1.0
7774,0.0
7780,1.0
7789,1.0
7790,0.0
7801,1.0
7806,0.0
7812,1.0
7829,0.0
7834,1.0
7843,0.0
7851,1.0
7856,0.0
7858,0.0
7861,0.0
7867,1.0
7870,0.0
7871,1.0
7875,0.0
7882,0.0
7889,0.0
7897,1.0
7917,0.0
7944,0.0
7952,0.0
7961,0.0
7965,1.0
7966,1.0
7967,1.0
7984,0.0
7986,0.0
7987,0.0
7989,1.0
8011,0.0
8016,1.0
8023,1.0
8025,0.0
8030,1.0
8037,1.0
8038,1.0
8047,0.0
8049,0.0
8054,1.0
8055,1.0
8058,0.0
8067,1.0
8075,1.0
8079,0.0
8081,1.0
8091,1.0
8097,1.0
8135,0.0
8137,1.0
8144,0.0
8154,0.0
8158,0.0
8164,0.0
8181,0.0
8199,1.0
8203,0.0
8208,1.0
8212,0.0
8215,0.0
8216,0.0
8224,0.0
8244,1.0
8249,1.0
8285,1.0
8287,0.0
8288,0.0
8319,0.0
8322,0.0
8326,0.0
8328,0.0
8337,0.0
8348,1.0
8349,0.0
8351,0.0
8355,0.0
8358,0.0
8372,0.0
8392,0.0
8402,0.0
8403,1.0
8407,0.0
8411,0.0
8416,1.0
8420,1.0
8422,0.0
8426,1.0
8436,0.0
8449,1.0
8457,1.0
8466,0.0
8470,1.0
8480,1.0
8484,1.0
8485,1.0
8494,0.0
8499,0.0
8503,0.0
8513,0.0
8517,1.0
8526,0.0
8534,0.0
8540,0.0
8542,0.0
8577,0.0
8578,0.0
8586,1.0
8592,1.0
8593,1.0
8595,0.0
8608,1.0
8624,0.0
8629,0.0
8632,1.0
8633,1.0
8645,0.0
8646,0.0
8647,1.0
8651,0.0
8652,0.0
8667,0.0
8670,0.0
8675,0.0
8677,0.0
8718,0.0
8724,0.0
8743,1.0
8758,1.0
8766,0.0
8771,1.0
8775,1.0
8777,0.0
8785,0.0
8787,1.0
8797,0.0
8800,1.0
8808,0.0
8817,0.0
8832,1.0
8845,1.0
8861,0.0
8864,0.0
8866,0.0
8876,0.0
8886,1.0
8890,0.0
8893,0.0
8897,0.0
8916,1.0
8922,1.0
8933,0.0
8937,0.0
8940,1.0
8951,0.0
8984,0.0
8985,0.0
9010,1.0
9013,0.0
9019,1.0
9023,0.0
9042,1.0
9043,1.0
9044,0.0
9050,0.0
9060,0.0
9063,1.0
9064,0.0
9070,0.0
9073,0.0
9078,1.0
9079,0.0
9081,0.0
9085,1.0
9119,1.0
9153,0.0
9162,1.0
9181,0.0
9183,1.0
9190,0.0
9200,0.0
9201,0.0
9211,0.0
9212,1.0
9252,0.0
9257,1.0
9260,1.0
9268,0.0
9296,0.0
9316,0.0
9317,0.0
9327,0.0
9348,0.0
9365,1.0
9372,0.0
9377,0.0
9384,0.0
9390,0.0
9395,0.0
9404,0.0
9407,1.0
9408,0.0
9412,1.0
9418,0.0
9426,0.0
9428,1.0
9433,0.0
9437,0.0
9439,0.0
9441,0.0
9446,0.0
9450,0.0
9464,1.0
9468,0.0
9471,0.0
9474,0.0
9476,1.0
9480,1.0
9485,1.0
9487,1.0
9488,1.0
9509,1.0
9515,1.0
9522,1.0
9533,1.0
9535,1.0
9539,0.0
9541,0.0
9548,0.0
9553,1.0
9555,0.0
9562,0.0
9569,0.0
9576,0.0
9578,0.0
9582,1.0
9589,0.0
9591,1.0
9609,0.0
9623,0.0
9636,0.0
9640,0.0
9646,1.0
9652,0.0
9660,0.0
9664,1.0
9667,0.0
9672,0.0
9680,1.0
9696,0.0
9709,0.0
9713,0.0
9723,1.0
9728,0.0
9734,1.0
9741,0.0
9754,0.0
9755,0.0
9759,0.0
9764,0.0
9765,1.0
9769,1.0
9772,1.0
9775,0.0
9777,1.0
9782,1.0
9783,0.0
9784,0.0
9787,0.0
9803,1.0
9808,0.0
9828,1.0
9836,1.0
9839,1.0
9849,0.0
9854,1.0
9860,1.0
9873,1.0
9884,1.0
9891,0.0
9892,0.0
9893,1.0
9899,0.0
9906,1.0
9912,1.0
9915,0.0
9921,1.0
9928,0.0
9931,0.0
9937,1.0
9947,0.0
9955,0.0
9979,0.0
9981,1.0
9985,0.0
9993,1.0
9997,0.0
9999,0.0
10006,1.0
10013,0.0
10014,0.0
10019,0.0
10021,0.0
10029,0.0
10036,1.0
10043,1.0
10060,0.0
10068,0.0
10069,0.0
10076,0.0
10080,1.0
10096,1.0
10097,1.0
10102,1.0
10114,0.0
10121,0.0
10123,0.0
10130,1.0
10136,0.0
10162,0.0
10165,0.0
10168,0.0
10176,0.0
10190,0.0
10197,0.0
10200,0.0
10201,0.0
10229,0.0
10237,1.0
10238,1.0
10247,0.0
10251,1.0
10255,1.0
10257,1.0
10274,1.0
10283,0.0
10305,0.0
10308,0.0
10319,1.0
10341,0.0
10342,1.0
10347,0.0
10355,0.0
10357,0.0
10364,1.0
10380,0.0
10386,0.0
10397,0.0
10403,0.0
10405,1.0
10428,1.0
10432,0.0
10445,0.0
10454,0.0
10483,1.0
10497,0.0
10502,0.0
10504,1.0
10519,1.0
10521,0.0
10525,0.0
10527,1.0
10540,1.0
10551,0.0
10559,0.0
10561,1.0
10562,0.0
10568,0.0
10588,1.0
10605,1.0
10613,0.0
10628,1.0
10633,0.0
10636,1.0
10642,0.0
10647,1.0
10649,0.0
10651,0.0
10652,0.0
10666,0.0
10671,1.0
10679,1.0
10691,1.0
10700,0.0
10707,0.0
10710,1.0
10714,1.0
10715,0.0
10717,0.0
10726,0.0
10727,0.0
10765,0.0
10767,0.0
10774,0.0
10785,1.0
10786,0.0
10792,0.0
10793,0.0
10807,1.0
10809,0.0
10816,1.0
10824,1.0
10838,0.0
10842,0.0
10844,0.0
10880,1.0
10890,0.0
10891,1.0
10894,0.0
10911,0.0
10920,1.0
10925,0.0
10933,1.0
10939,1.0
10960,1.0
10965,1.0
10967,1.0
10979,1.0
10981,1.0
10990,0.0
10992,0.0
10999,0.0
11008,0.0
11033,1.0
11037,1.0
11038,1.0
11047,0.0
11051,0.0
11052,0.0
11055,0.0
11072,1.0
11080,0.0
11095,1.0
11096,1.0
11097,1.0
11100,0.0
11105,1.0
11125,0.0
11134,1.0
11138,0.0
11167,1.0
11171,1.0
11190,1.0
11192,0.0
11194,1.0
11198,0.0
11199,0.0
11202,1.0
11208,0.0
11213,0.0
11224,1.0
11228,0.0
11234,0.0
11247,0.0
11259,0.0
11265,0.0
11272,1.0
11294,1.0
11297,1.0
11300,0.0
11304,1.0
11313,0.0
11340,0.0
11341,0.0
11343,0.0
11357,1.0
11368,0.0
11387,0.0
11390,1.0
11397,0.0
11403,0.0
11405,0.0
11410,0.0
11424,1.0
11442,0.0
11449,1.0
11455,1.0
11463,1.0
11475,1.0
11483,1.0
11488,0.0
11494,0.0
11496,1.0
11503,0.0
11506,0.0
11508,0.0
11515,0.0
11518,0.0
11537,0.0
11538,1.0
11546,1.0
11549,1.0
11550,1.0
11564,0.0
11571,0.0
11572,0.0
11575,0.0
11579,0.0
11580,0.0
11588,0.0
11591,1.0
11607,0.0
11608,1.0
11612,0.0
11613,1.0
11626,0.0
11652,1.0
11659,0.0
11660,1.0
11664,0.0
11685,0.0
11690,0.0
11707,0.0
11710,0.0
11711,0.0
11715,0.0
11716,0.0
11722,1.0
11723,0.0
11740,0.0
11743,0.0
11747,0.0
11750,0.0
11752,1.0
11769,0.0
11776,1.0
11799,1.0
11804,1.0
11810,1.0
11811,0.0
11816,0.0
11837,1.0
11839,0.0
11840,0.0
11845,1.0
11846,1.0
11868,0.0
11870,0.0
11876,0.0
11889,0.0
11891,1.0
11894,1.0
11896,0.0
11900,0.0
11911,1.0
11919,0.0
11926,1.0
11933,0.0
11934,0.0
11967,1.0
11977,1.0
11988,0.0
11993,1.0
12002,1.0
12011,0.0
12015,1.0
12022,1.0
12023,1.0
12027,1.0
12029,0.0
12033,0.0
12034,1.0
12051,0.0
12063,1.0
12067,0.0
12096,1.0
12098,1.0
12099,0.0
12101,0.0
12110,0.0
12111,1.0
12129,0.0
12134,0.0
12146,0.0
12153,0.0
12164,1.0
12166,0.0
12167,1.0
12168,0.0
12171,0.0
12175,1.0
12197,0.0
12207,1.0
12208,0.0
12226,0.0
12232,1.0
12238,1.0
12245,1.0
12261,1.0
12270,0.0
12272,0.0
12279,0.0
12313,1.0
12316,0.0
12326,0.0
12332,0.0
12345,1.0
12354,1.0
12363,0.0
12365,0.0
12374,1.0
12402,0.0
12413,0.0
12419,0.0
12421,0.0
12448,0.0
12461,0.0
12462,1.0
12470,0.0
12471,0.0
12477,1.0
12478,0.0
12483,0.0
12492,1.0
12505,0.0
12510,0.0
12513,0.0
12525,1.0
12528,1.0
12533,0.0
12535,0.0
12546,1.0
12559,1.0
12560,0.0
12563,0.0
12564,1.0
12573,0.0
12575,0.0
12603,1.0
12605,1.0
12626,1.0
12630,1.0
12635,0.0
12637,1.0
12657,0.0
12659,1.0
12662,1.0
12663,1.0
12670,1.0
12676,0.0
12683,0.0
12696,0.0
12697,1.0
12704,0.0
12707,0.0
12719,0.0
12723,0.0
12724,1.0
12729,0.0
12737,1.0
12739,0.0
12741,1.0
12757,0.0
12758,1.0
12764,0.0
12777,1.0
12778,1.0
12782,0.0
12785,1.0
12796,0.0
12801,0.0
12821,0.0
12830,0.0
12844,1.0
12853,0.0
12864,1.0
12876,0.0
12882,0.0
12888,1.0
12891,0.0
12899,1.0
12909,0.0
12922,0.0
12930,0.0
12937,0.0
12939,0.0
12944,1.0
12945,0.0
12947,1.0
12959,0.0
12963,1.0
12976,1.0
12977,0.0
12987,0.0
12994,1.0
12995,0.0
12999,1.0
13023,1.0
13030,0.0
13032,1.0
13034,0.0
13036,0.0
13037,0.0
13038,1.0
13045,1.0
13046,1.0
13053,0.0
13059,0.0
13069,0.0
13073,0.0
13084,1.0
13093,1.0
13097,0.0
13109,0.0
13117,1.0
13126,0.0
13130,0.0
13135,0.0
13145,0.0
13153,0.0
13156,0.0
13162,0.0
13165,0.0
13166,0.0
13191,1.0
13194,0.0
13209,0.0
13237,0.0
13256,0.0
13269,0.0
13271,0.0
13274,0.0
13293,1.0
13301,1.0
13311,0.0
13317,1.0
13320,0.0
13322,1.0
13323,1.0
13327,1.0
13335,0.0
13337,1.0
13339,0.0
13341,1.0
13346,1.0
13349,0.0
13351,0.0
13353,1.0
13361,1.0
13362,1.0
13379,1.0
13380,1.0
13382,0.0
13399,0.0
13408,1.0
13427,0.0
13430,0.0
13448,1.0
13456,1.0
13459,1.0
13462,0.0
13468,0.0
13479,1.0
13495,1.0
13496,1.0
13508,1.0
13509,1.0
13515,1.0
13521,0.0
13522,0.0
13529,1.0
13544,1.0
13546,0.0
13560,1.0
13568,0.0
13574,1.0
13583,1.0
13594,0.0
13600,1.0
13605,0.0
13616,1.0
13620,0.0
13635,0.0
13644,1.0
13645,1.0
13648,0.0
13649,1.0
13668,0.0
13674,0.0
13677,0.0
13682,0.0
13690,0.0
13696,1.0
13705,1.0
13712,0.0
13728,1.0
13729,1.0
13733,0.0
13737,0.0
13749,1.0
13750,1.0
13754,1.0
13769,1.0
13773,1.0
13774,0.0
13776,1.0
13778,1.0
13780,1.0
13793,0.0
13799,1.0
13800,1.0
13808,0.0
13813,0.0
13814,0.0
13823,1.0
13831,0.0
13835,0.0
13847,1.0
13849,0.0
13850,1.0
13853,0.0
13874,1.0
13878,1.0
13884,1.0
13886,1.0
13888,0.0
13896,1.0
13911,0.0
13912,0.0
13916,0.0
13932,1.0
13936,0.0
13938,0.0
13953,0.0
13954,0.0
13955,0.0
13956,1.0
13970,0.0
13998,1.0
14001,0.0
14007,1.0
14010,1.0
14018,0.0
14020,0.0
14023,1.0
14030,1.0
14034,0.0
14044,1.0
14051,1.0
14054,1.0
14065,1.0
14074,1.0
14091,1.0
14097,1.0
14099,1.0
14101,1.0
14109,1.0
14123,1.0
14131,1.0
14143,1.0
14159,0.0
14168,0.0
14181,1.0
14189,1.0
14194,0.0
14199,0.0
14205,0.0
14230,1.0
14236,0.0
14237,0.0
14258,1.0
14263,1.0
14265,0.0
14268,1.0
14269,0.0
14283,0.0
14290,1.0
14296,0.0
14299,0.0
14308,0.0
14309,1.0
14313,0.0
14319,0.0
14331,1.0
14335,1.0
14343,0.0
14352,0.0
14353,0.0
14365,1.0
14367,1.0
14369,0.0
14377,0.0
14385,0.0
14402,1.0
14412,1.0
14421,0.0
14431,1.0
14437,1.0
14438,1.0
14439,1.0
14444,1.0
14445,0.0
14456,1.0
14457,0.0
14460,1.0
14461,1.0
14467,0.0
14471,1.0
14474,1.0
14498,0.0
14508,1.0
14509,0.0
14511,1.0
14516,0.0
14523,1.0
14525,0.0
14526,0.0
14527,0.0
14537,0.0
14540,0.0
14543,1.0
14548,0.0
14553,0.0
14558,0.0
14559,0.0
14561,0.0
14581,1.0
14587,0.0
14590,0.0
14593,0.0
14611,1.0
14618,0.0
14619,0.0
14625,1.0
14630,0.0
14635,1.0
14647,0.0
14656,0.0
14659,0.0
14677,1.0
14690,1.0
14703,0.0
14705,0.0
14717,0.0
14724,0.0
14736,1.0
14741,1.0
14744,0.0
14774,1.0
14779,1.0
14780,1.0
14786,1.0
14789,1.0
14803,1.0
14810,1.0
14811,1.0
14819,1.0
14831,1.0
14833,1.0
14839,1.0
14845,1.0
14853,0.0
14863,0.0
14871,0.0
14874,0.0
14919,1.0
14924,0.0
14926,1.0
14927,0.0
14934,1.0
14935,1.0
14937,0.0
14946,1.0
14955,1.0
14960,0.0
14966,0.0
14973,1.0
14991,0.0
15005,0.0
15010,1.0
15032,0.0
15051,0.0
15053,1.0
15058,0.0
15073,0.0
15082,1.0
15083,0.0
15090,0.0
15096,0.0
15101,1.0
15115,0.0
15123,0.0
15128,1.0
15141,0.0
15169,1.0
15170,1.0
15171,1.0
15182,1.0
15188,1.0
15190,1.0
15194,1.0
15198,0.0
15206,1.0
15207,1.0
15210,0.0
15218,0.0
15221,0.0
15228,0.0
15237,0.0
15239,0.0
15241,1.0
15246,0.0
15265,0.0
15271,0.0
15325,1.0
15327,1.0
15359,0.0
15360,0.0
15366,1.0
15389,0.0
15396,0.0
15407,1.0
15418,1.0
15425,0.0
15464,1.0
15466,1.0
15479,0.0
15483,0.0
15488,1.0
15489,1.0
15490,1.0
15507,1.0
15509,0.0
15511,1.0
15516,1.0
15521,1.0
15531,1.0
15533,1.0
15541,1.0
15590,0.0
15597,1.0
15603,0.0
15611,0.0
15620,1.0
15621,0.0
15630,1.0
15635,1.0
15639,0.0
15641,1.0
15645,1.0
15647,1.0
15648,1.0
15666,0.0
15676,1.0
15680,0.0
15682,1.0
15683,0.0
15692,1.0
15695,0.0
15701,0.0
15708,0.0
15716,0.0
15728,1.0
15729,0.0
15730,0.0
15732,0.0
15752,1.0
15754,1.0
15758,0.0
15762,0.0
15764,0.0
15768,1.0
15772,1.0
15777,0.0
15784,1.0
15794,0.0
15806,1.0
15830,0.0
15836,0.0
15844,1.0
15847,1.0
15849,0.0
15852,1.0
15863,1.0
15873,1.0
15887,1.0
15891,1.0
15893,1.0
15908,1.0
15933,0.0
15936,1.0
15942,0.0
15945,0.0
15950,0.0
15959,0.0
15971,1.0
15972,1.0
15973,0.0
15981,1.0
15985,1.0
15999,1.0
16001,1.0
16012,1.0
16014,0.0
16015,0.0
16022,1.0
16024,1.0
16026,1.0
16029,1.0
16031,0.0
16042,0.0
16049,0.0
16050,0.0
16055,1.0
16056,0.0
16062,0.0
16067,1.0
16068,1.0
16069,0.0
16074,0.0
16092,1.0
16095,0.0
16098,1.0
16104,0.0
16115,0.0
16119,0.0
16123,0.0
16131,0.0
16147,0.0
16157,1.0
16168,1.0
16169,1.0
16172,1.0
16174,1.0
16184,1.0
16197,1.0
16201,1.0
16206,1.0
16209,0.0
16225,1.0
16227,1.0
16229,0.0
16234,1.0
16252,0.0
16276,0.0
16278,0.0
16281,1.0
16282,0.0
16295,0.0
16297,1.0
16302,0.0
16309,1.0
16317,1.0
16333,1.0
16336,0.0
16347,0.0
16361,1.0
16368,0.0
16369,0.0
16370,1.0
16373,0.0
16388,0.0
16392,0.0
16398,1.0
16399,0.0
16400,0.0
16406,0.0
16428,1.0
16432,0.0
16437,0.0
16440,0.0
16442,1.0
16453,0.0
16458,1.0
16459,1.0
16468,0.0
16479,0.0
16480,0.0
16485,0.0
16494,0.0
16499,1.0
16514,0.0
16521,0.0
16522,0.0
16523,1.0
16549,1.0
16566,1.0
16568,1.0
16575,1.0
16626,0.0
16633,1.0
16637,1.0
16641,0.0
16645,0.0
16646,0.0
16647,0.0
16649,1.0
16657,1.0
16661,0.0
16672,0.0
16673,1.0
16674,1.0
16710,1.0
16713,1.0
16728,0.0
16736,1.0
16755,1.0
16756,1.0
16759,0.0
16766,1.0
16771,1.0
16773,0.0
16776,0.0
16784,1.0
16785,0.0
16786,0.0
16791,1.0
16795,1.0
16826,1.0
16831,1.0
16863,1.0
16865,0.0
16867,1.0
16871,1.0
16872,1.0
16874,1.0
16888,0.0
16897,1.0
16906,1.0
16911,0.0
16913,0.0
16926,0.0
16930,0.0
16937,1.0
16949,1.0
16959,0.0
16961,1.0
16964,0.0
16967,0.0
16972,1.0
16992,1.0
16993,1.0
16995,0.0
17007,0.0
17010,1.0
17027,0.0
17031,1.0
17038,0.0
17039,0.0
17074,1.0
17081,1.0
17100,0.0
17116,1.0
17117,0.0
17136,0.0
17137,1.0
17139,1.0
17149,1.0
17150,0.0
17154,0.0
17158,0.0
17186,1.0
17197,1.0
17199,1.0
17205,1.0
17220,0.0
17230,0.0
17252,0.0
17263,0.0
17264,1.0
17267,1.0
17275,1.0
17281,0.0
17295,0.0
17301,0.0
17314,1.0
17326,1.0
17331,0.0
17340,1.0
17356,0.0
17360,1.0
17362,1.0
17369,1.0
17376,1.0
17389,0.0
17396,0.0
17399,0.0
17400,1.0
17402,0.0
17406,1.0
17409,1.0
17417,0.0
17428,0.0
17454,1.0
17458,0.0
17467,0.0
17472,0.0
17484,1.0
17492,1.0
17498,1.0
17520,0.0
17530,1.0
17535,1.0
17540,1.0
17553,0.0
17554,1.0
17566,1.0
17577,1.0
17587,1.0
17593,1.0
17595,1.0
17608,0.0
17623,0.0
17629,1.0
17640,0.0
17644,1.0
17645,1.0
17660,0.0
17666,1.0
17667,1.0
17671,0.0
17673,1.0
17674,1.0
17683,1.0
17692,1.0
17700,0.0
17706,0.0
17707,0.0
17719,1.0
17721,0.0
17727,0.0
17729,1.0
17737,1.0
17743,0.0
17747,0.0
17767,1.0
17772,1.0
17774,0.0
17776,0.0
17778,1.0
17783,1.0
17785,1.0
17787,0.0
17794,1.0
17797,0.0
17800,0.0
17812,0.0
17814,1.0
17816,1.0
17817,1.0
17840,0.0
17848,1.0
17849,1.0
17856,0.0
17863,1.0
17865,0.0
17866,1.0
17874,0.0
17876,0.0
17877,1.0
17885,1.0
17893,1.0
17896,1.0
17897,1.0
17898,1.0
17913,1.0
17919,1.0
17926,0.0
17938,1.0
17947,1.0
17953,1.0
17954,0.0
17989,0.0
18001,0.0
18002,1.0
18004,1.0
18007,0.0
18016,0.0
18024,1.0
18026,0.0
18032,1.0
18033,0.0
18036,1.0
18047,0.0
18048,1.0
18054,0.0
18058,0.0
18075,1.0
18084,1.0
18087,1.0
18095,1.0
18098,1.0
18099,1.0
18101,1.0
18108,1.0
18115,0.0
18121,1.0
18129,0.0
18134,0.0
18135,0.0
18153,1.0
18159,1.0
18164,0.0
18182,1.0
18198,0.0
18206,1.0
18209,0.0
18213,1.0
18232,1.0
18236,0.0
18238,1.0
18249,1.0
18252,0.0
18257,0.0
18259,1.0
18260,1.0
18262,1.0
18277,1.0
18292,1.0
18293,0.0
18296,1.0
18297,1.0
18298,0.0
18301,1.0
18304,1.0
18317,1.0
18327,1.0
18331,1.0
18333,1.0
18344,1.0
18349,1.0
18351,0.0
18358,1.0
18364,0.0
18390,1.0
18409,0.0
18417,0.0
18421,0.0
18427,1.0
18436,0.0
18445,0.0
18449,1.0
18451,1.0
18453,1.0
18464,1.0
18486,0.0
18487,0.0
18494,0.0
18496,0.0
18514,1.0
18524,0.0
18538,0.0
18543,1.0
18544,1.0
18554,1.0
18556,0.0
18560,1.0
18566,1.0
18570,1.0
18577,0.0
18594,1.0
18596,1.0
18597,1.0
18598,0.0
18599,1.0
18601,0.0
18620,1.0
18625,1.0
18629,1.0
18633,1.0
18634,0.0
18672,0.0
18679,1.0
18685,1.0
18690,1.0
18697,1.0
18701,1.0
18703,1.0
18709,0.0
18711,1.0
18729,0.0
18743,0.0
18745,0.0
18753,0.0
18754,0.0
18755,1.0
18760,0.0
18768,1.0
18774,1.0
18775,1.0
18786,0.0
18788,1.0
18790,1.0
18804,0.0
18806,1.0
18813,0.0
18831,0.0
18833,1.0
18835,0.0
18837,1.0
18879,1.0
18880,0.0
18890,0.0
18896,1.0
18898,0.0
18916,1.0
18919,1.0
18928,1.0
18929,1.0
18932,1.0
18935,0.0
18937,0.0
18946,1.0
18949,0.0
18983,0.0
18985,1.0
18986,1.0
19006,1.0
19007,1.0
19025,0.0
19034,1.0
19045,1.0
19063,0.0
19080,0.0
19083,0.0
19092,1.0
19109,1.0
19111,0.0
19135,1.0
19143,1.0
19162,1.0
19167,0.0
19170,1.0
19174,1.0
19180,0.0
19204,0.0
19214,0.0
19229,0.0
19243,1.0
19305,1.0
19312,0.0
19319,0.0
19332,1.0
19340,1.0
19370,1.0
19384,1.0
19407,1.0
19410,1.0
19412,0.0
19414,0.0
19422,0.0
19426,1.0
19438,1.0
19455,1.0
19473,1.0
19497,0.0
19507,1.0
19516,0.0
19520,1.0
19529,1.0
19549,1.0
19552,1.0
19562,1.0
19568,0.0
19573,1.0
19579,1.0
19580,0.0
19582,1.0
19584,0.0
19591,1.0
19605,1.0
19618,1.0
19630,1.0
19633,0.0
19645,0.0
19647,1.0
19657,1.0
19664,0.0
19680,1.0
19682,0.0
19685,1.0
19686,0.0
19711,1.0
19714,1.0
19727,1.0
19729,0.0
19730,1.0
19743,1.0
19748,0.0
19765,0.0
19766,1.0
19767,1.0
19771,1.0
19776,1.0
19781,0.0
19784,1.0
19790,1.0
19793,0.0
19804,0.0
19805,0.0
19812,0.0
19819,0.0
19823,1.0
19824,0.0
19825,1.0
19837,0.0
19871,1.0
19885,1.0
19892,0.0
19900,1.0
19904,1.0
19909,1.0
19910,1.0
19914,1.0
19961,1.0
19978,1.0
19989,0.0
20009,0.0
20012,0.0
20018,1.0
20025,1.0
20056,0.0
20073,1.0
20078,1.0
20080,1.0
20086,1.0
20089,0.0
20095,1.0
20104,0.0
20114,0.0
20115,1.0
20127,0.0
20133,1.0
20138,1.0
20142,0.0
20143,1.0
20146,1.0
20148,1.0
20152,0.0
20167,1.0
20168,1.0
20189,1.0
20194,1.0
20204,1.0
20211,1.0
20212,0.0
20216,0.0
20223,0.0
20233,0.0
20240,1.0
20243,1.0
20260,0.0
20261,1.0
20274,1.0
20276,0.0
20278,0.0
20287,0.0
20294,0.0
20297,1.0
20314,0.0
20326,1.0
20327,0.0
20330,1.0
20335,0.0
20339,0.0
20342,0.0
20354,1.0
20369,1.0
20381,1.0
20389,1.0
20391,1.0
20392,1.0
20410,1.0
20420,1.0
20421,0.0
20425,1.0
20427,0.0
20433,0.0
20435,1.0
20442,0.0
20443,1.0
20446,1.0
20448,1.0
20449,0.0
20451,1.0
20454,1.0
20456,1.0
20461,1.0
20469,1.0
20480,0.0
20484,0.0
20487,1.0
20488,1.0
20500,1.0
20503,0.0
20504,1.0
20510,0.0
20512,1.0
20524,1.0
20528,1.0
20529,1.0
20541,1.0
20553,1.0
20561,1.0
20567,1.0
20571,1.0
20573,1.0
20574,0.0
20576,1.0
20591,1.0
20593,1.0
20598,0.0
20599,1.0
20601,1.0
20604,0.0
20610,1.0
20621,0.0
20636,0.0
20639,1.0
20640,0.0
20652,0.0
20653,0.0
20679,1.0
20680,1.0
20704,1.0
20707,0.0
20709,1.0
20710,1.0
20722,1.0
20725,0.0
20733,1.0
20739,1.0
20765,1.0
20772,1.0
20773,1.0
20777,0.0
20785,1.0
20809,0.0
20811,1.0
20828,0.0
20836,0.0
20838,1.0
20844,1.0
20865,1.0
20867,1.0
20871,0.0
20884,1.0
20886,1.0
20891,1.0
20902,1.0
20928,0.0
20932,1.0
20938,1.0
20947,0.0
20949,1.0
20950,0.0
20954,0.0
20955,1.0
20957,1.0
20964,0.0
20974,1.0
20988,1.0
20989,0.0
20995,1.0
20996,1.0
21007,1.0
21016,0.0
21022,1.0
21023,1.0
21039,1.0
21046,0.0
21049,0.0
21071,0.0
21072,1.0
21088,0.0
21099,0.0
21125,1.0
21136,0.0
21146,0.0
21156,0.0
21163,1.0
21171,0.0
21172,1.0
21182,0.0
21185,0.0
21198,0.0
21205,1.0
21217,1.0
21219,1.0
21225,1.0
21228,1.0
21247,1.0
21250,1.0
21251,1.0
21256,1.0
21282,1.0
21284,1.0
21291,1.0
21298,1.0
21304,0.0
21310,1.0
21311,1.0
21318,0.0
21329,1.0
21335,1.0
21347,0.0
21350,0.0
21380,1.0
21389,1.0
21404,0.0
21408,1.0
21416,1.0
21421,0.0
21437,0.0
21440,1.0
21441,1.0
21443,1.0
21445,1.0
21448,0.0
21470,1.0
21476,1.0
21480,1.0
21486,0.0
21491,1.0
21492,0.0
21493,0.0
21497,1.0
21501,1.0
21503,0.0
21511,1.0
21512,1.0
21513,1.0
21515,1.0
21537,1.0
21540,1.0
21541,0.0
21553,1.0
21554,1.0
21573,1.0
21587,1.0
21599,1.0
21605,1.0
21614,1.0
21615,1.0
21629,1.0
21641,0.0
21650,1.0
21652,1.0
21666,0.0
21672,1.0
21684,1.0
21700,0.0
21705,1.0
21727,0.0
21732,0.0
21754,0.0
21757,1.0
21760,1.0
21766,1.0
21783,0.0
21785,1.0
21792,1.0
21813,0.0
21815,0.0
21824,0.0
21835,1.0
21836,1.0
21868,1.0
21882,1.0
21897,1.0
21909,0.0
21911,1.0
21925,1.0
21927,1.0
21930,1.0
21937,0.0
21939,0.0
21943,0.0
21949,1.0
21959,0.0
21960,0.0
21962,0.0
21969,1.0
21976,1.0
21979,1.0
21980,0.0
21981,1.0
21985,0.0
21989,1.0
22002,1.0
22019,0.0
22037,1.0
22044,1.0
22056,0.0
22060,0.0
22068,1.0
22076,1.0
22082,0.0
22091,0.0
22144,1.0
22145,1.0
22156,1.0
22158,1.0
22159,0.0
22164,0.0
22169,1.0
22176,0.0
22182,1.0
22189,0.0
22191,1.0
22204,0.0
22226,1.0
22240,1.0
22243,1.0
22245,1.0
22251,1.0
22263,1.0
22264,1.0
22277,0.0
22289,0.0
22299,0.0
22301,0.0
22303,0.0
22304,0.0
22314,0.0
22315,0.0
22319,1.0
22323,0.0
22347,1.0
22354,0.0
22363,0.0
22370,0.0
22374,0.0
22376,1.0
22381,1.0
22386,1.0
22390,0.0
22395,1.0
22398,0.0
22405,1.0
22411,1.0
22417,1.0
22420,1.0
22422,0.0
22429,1.0
22445,0.0
22469,1.0
22470,1.0
22471,1.0
22476,1.0
22485,1.0
22491,1.0
22509,0.0
22512,0.0
22517,1.0
22522,1.0
22557,0.0
22561,1.0
22585,0.0
22595,1.0
22611,0.0
22625,1.0
22647,0.0
22653,1.0
22668,0.0
22674,1.0
22677,0.0
22678,1.0
22679,0.0
22682,1.0
22685,1.0
22687,0.0
22705,0.0
22718,1.0
22722,0.0
22730,1.0
22739,1.0
22754,1.0
22770,1.0
22771,1.0
22773,0.0
22777,0.0
22780,1.0
22781,1.0
22794,1.0
22803,1.0
22815,0.0
22816,0.0
22825,1.0
22836,0.0
22839,1.0
22840,0.0
22850,1.0
22851,1.0
22853,1.0
22866,0.0
22875,0.0
22890,0.0
22892,1.0
22903,1.0
22907,1.0
22919,0.0
22922,1.0
22935,0.0
22939,1.0
22953,0.0
22968,1.0
22981,1.0
22998,0.0
23000,1.0
23030,1.0
23038,1.0
23070,1.0
23072,1.0
23099,0.0
23111,0.0
23117,0.0
23126,0.0
23135,1.0
23141,1.0
23143,0.0
23144,1.0
23154,1.0
23155,1.0
23158,0.0
23168,0.0
23181,1.0
23206,1.0
23214,1.0
23219,1.0
23259,1.0
23261,1.0
23265,1.0
23272,1.0
23275,1.0
23279,0.0
23280,0.0
23281,1.0
23286,1.0
23291,1.0
23305,1.0
23312,0.0
23324,1.0
23336,1.0
23340,1.0
23346,1.0
23355,1.0
23366,0.0
23390,1.0
23393,1.0
23405,1.0
23407,0.0
23418,1.0
23419,1.0
23442,1.0
23454,1.0
23468,1.0
23480,1.0
23488,1.0
23493,0.0
23494,0.0
23509,0.0
23517,1.0
23522,1.0
23525,1.0
23527,0.0
23528,1.0
23533,0.0
23544,1.0
23565,1.0
23568,0.0
23570,1.0
23573,1.0
23579,0.0
23582,1.0
23584,0.0
23588,1.0
23592,0.0
23594,0.0
23597,0.0
23610,1.0
23618,1.0
23626,0.0
23635,1.0
23641,0.0
23665,1.0
23674,1.0
23687,1.0
23689,0.0
23694,0.0
23716,1.0
23720,1.0
23739,1.0
23746,1.0
23748,0.0
23781,1.0
23783,1.0
23794,1.0
23804,1.0
23809,1.0
23812,1.0
23817,1.0
23822,1.0
23828,1.0
23835,1.0
23840,1.0
23841,1.0
23842,1.0
23844,0.0
23850,1.0
23858,1.0
23862,1.0
23866,0.0
23869,0.0
23870,0.0
23874,1.0
23884,1.0
23887,0.0
23896,0.0
23901,0.0
23903,1.0
23923,0.0
23934,1.0
23944,0.0
23959,1.0
23967,0.0
23970,0.0
23973,0.0
23981,1.0
23987,1.0
23988,1.0
24019,1.0
24020,0.0
24032,0.0
24033,1.0
24034,0.0
24047,1.0
24048,0.0
24051,0.0
24063,0.0
24071,0.0
24072,1.0
24074,1.0
24080,0.0
24098,0.0
24103,1.0
24107,0.0
24108,0.0
24116,0.0
24120,1.0
24126,0.0
24132,0.0
24133,0.0
24134,1.0
24135,1.0
24141,0.0
24146,1.0
24163,1.0
24164,1.0
24191,1.0
24193,1.0
24201,1.0
24202,1.0
24207,1.0
24223,1.0
24231,1.0
24232,1.0
24247,1.0
24293,0.0
24300,1.0
24305,0.0
24306,1.0
24321,0.0
24327,1.0
24333,1.0
24345,1.0
24352,1.0
24369,1.0
24371,0.0
24380,1.0
24382,0.0
24384,1.0
24392,1.0
24423,1.0
24425,1.0
24429,0.0
24435,1.0
24438,1.0
24446,1.0
24465,1.0
24488,1.0
24493,0.0
24498,0.0
24503,0.0
24507,1.0
24534,0.0
24540,1.0
24541,1.0
24563,1.0
24573,1.0
24582,1.0
24587,1.0
24590,1.0
24597,0.0
24611,1.0
24613,1.0
24614,1.0
24619,1.0
24621,1.0
24639,1.0
24643,1.0
24649,1.0
24655,0.0
24668,1.0
24674,0.0
24693,0.0
24698,0.0
24710,0.0
24713,1.0
24719,0.0
24726,1.0
24729,1.0
24731,1.0
24737,1.0
24739,1.0
24745,0.0
24747,0.0
24762,0.0
24763,1.0
24789,0.0
24790,0.0
24792,1.0
24797,0.0
24802,1.0
24806,1.0
24808,0.0
24809,1.0
24818,0.0
24820,0.0
24822,1.0
24829,1.0
24834,1.0
24837,0.0
24852,0.0
24863,1.0
24866,0.0
24872,0.0
24912,1.0
24926,1.0
24946,1.0
24948,1.0
24949,1.0
24950,1.0
24957,1.0
24972,1.0
24987,1.0
24988,1.0
24992,1.0
25003,0.0
25004,1.0
25024,0.0
25027,0.0
25029,0.0
25032,0.0
25034,1.0
25036,0.0
25065,1.0
25068,0.0
25071,0.0
25074,0.0
25085,1.0
25087,0.0
25092,1.0
25103,1.0
25106,0.0
25116,1.0
25118,1.0
25132,0.0
25144,0.0
25145,1.0
25148,0.0
25151,0.0
25171,0.0
25174,0.0
25178,1.0
25179,0.0
25181,1.0
25183,1.0
25184,1.0
25186,1.0
25211,1.0
25219,1.0
25222,0.0
25225,1.0
25235,1.0
25240,1.0
25241,0.0
25246,0.0
25247,0.0
25248,0.0
25250,1.0
25251,1.0
25266,0.0
25278,0.0
25286,1.0
25289,0.0
25291,0.0
25303,0.0
25304,0.0
25309,0.0
25313,1.0
25314,1.0
25315,1.0
25336,0.0
25338,0.0
25351,0.0
25355,1.0
25360,1.0
25368,1.0
25373,1.0
25374,1.0
25384,1.0
25389,1.0
25393,1.0
25394,1.0
25401,1.0
25406,1.0
25414,1.0
25426,0.0
25436,0.0
25445,0.0
25449,0.0
25450,1.0
25461,0.0
25463,0.0
25469,1.0
25475,0.0
25479,0.0
25480,1.0
25484,0.0
25488,1.0
25510,1.0
25514,1.0
25517,1.0
25519,1.0
25532,1.0
25545,0.0
25546,1.0
25549,1.0
25562,1.0
25590,1.0
25597,0.0
25603,1.0
25608,1.0
25622,1.0
25629,0.0
25630,1.0
25633,0.0
25643,1.0
25645,1.0
25647,1.0
25652,0.0
25679,0.0
25680,0.0
25686,1.0
25695,1.0
25696,1.0
25702,1.0
25703,1.0
25727,1.0
25732,1.0
25733,1.0
25742,1.0
25743,1.0
25746,1.0
25748,1.0
25751,1.0
25755,1.0
25768,1.0
25785,1.0
25792,1.0
25793,1.0
25796,1.0
25797,1.0
25808,1.0
25821,0.0
25832,0.0
25844,0.0
25852,0.0
25882,1.0
25893,1.0
25895,1.0
25901,0.0
25917,1.0
25918,0.0
25929,1.0
25940,1.0
25953,1.0
25970,0.0
25977,1.0
25987,1.0
25994,0.0
25999,1.0
26002,1.0
26009,1.0
26016,0.0
26017,0.0
26034,0.0
26042,1.0
26064,1.0
26071,0.0
26087,1.0
26088,1.0
26090,0.0
26094,1.0
26098,1.0
26099,1.0
26111,1.0
26117,1.0
26119,1.0
26143,1.0
26157,1.0
26161,0.0
26166,1.0
26204,1.0
26212,0.0
26217,0.0
26229,0.0
26234,0.0
26250,1.0
26260,0.0
26263,0.0
26276,1.0
26277,1.0
26278,0.0
26289,1.0
26298,0.0
26307,1.0
26327,1.0
26331,1.0
26339,0.0
26358,0.0
26362,1.0
26372,0.0
26374,1.0
26375,0.0
26377,0.0
26392,0.0
26397,1.0
26411,1.0
26419,1.0
26430,0.0
26438,0.0
26441,0.0
26442,0.0
26444,0.0
26454,1.0
26455,0.0
26465,0.0
26467,1.0
26471,0.0
26475,1.0
26483,1.0
26484,0.0
26500,0.0
26508,0.0
26510,0.0
26513,1.0
26516,1.0
26518,0.0
26532,1.0
26538,1.0
26553,0.0
26565,1.0
26568,1.0
26569,1.0
26572,1.0
26573,1.0
26578,1.0
26583,0.0
26586,0.0
26599,0.0
26607,1.0
26632,0.0
26633,1.0
26634,0.0
26640,1.0
26662,0.0
26668,1.0
26675,0.0
26681,0.0
26685,0.0
26692,0.0
26696,1.0
26698,0.0
26705,0.0
26712,1.0
26715,1.0
26716,0.0
26723,1.0
26725,1.0
26730,0.0
26739,1.0
26749,1.0
26763,0.0
26769,0.0
26770,1.0
26772,0.0
26792,0.0
26795,0.0
26798,1.0
26809,1.0
26834,0.0
26836,1.0
26851,1.0
26852,1.0
26857,1.0
26865,1.0
26876,1.0
26879,0.0
26884,0.0
26887,0.0
26896,1.0
26920,0.0
26921,1.0
26922,0.0
26929,1.0
26935,1.0
26954,1.0
26957,1.0
26961,0.0
26969,0.0
26985,1.0
26986,1.0
26995,1.0
27005,1.0
27006,1.0
27008,1.0
27015,1.0
27019,1.0
27021,1.0
27025,1.0
27035,1.0
27040,1.0
27046,0.0
27069,1.0
27078,0.0
27083,0.0
27094,0.0
27104,0.0
27121,0.0
27129,1.0
27151,0.0
27161,0.0
27163,1.0
27174,0.0
27183,0.0
27184,0.0
27185,0.0
27186,0.0
27197,0.0
27212,1.0
27229,0.0
27235,0.0
27243,0.0
27244,1.0
27249,0.0
27258,1.0
27265,1.0
27266,0.0
27271,1.0
27272,1.0
27275,1.0
27295,1.0
27297,1.0
27300,0.0
27308,1.0
27320,0.0
27345,1.0
27352,0.0
27365,0.0
27368,0.0
27371,0.0
27372,0.0
27373,0.0
27378,1.0
27387,0.0
27396,1.0
27400,1.0
27430,1.0
27432,0.0
27436,1.0
27440,1.0
27445,1.0
27454,1.0
27461,1.0
27498,0.0
27505,1.0
27529,1.0
27549,0.0
27551,0.0
27558,0.0
27568,1.0
27573,0.0
27585,0.0
27588,1.0
27589,0.0
27593,0.0
27610,0.0
27615,0.0
27660,0.0
27663,1.0
27669,1.0
27673,1.0
27692,1.0
27693,0.0
27701,1.0
27702,1.0
27716,0.0
27739,1.0
27755,0.0
27763,1.0
27770,0.0
27772,1.0
27781,1.0
27782,1.0
27784,0.0
27788,0.0
27789,0.0
27794,0.0
27795,0.0
27803,0.0
27810,0.0
27821,1.0
27832,1.0
27834,1.0
27844,1.0
27863,1.0
27868,1.0
27884,1.0
27899,1.0
27913,0.0
27914,1.0
27919,1.0
27920,1.0
27924,0.0
27928,1.0
27942,1.0
27953,0.0
27957,1.0
27965,1.0
27967,1.0
27975,1.0
27988,1.0
27989,0.0
28001,1.0
28010,0.0
28016,0.0
28023,0.0
28028,0.0
28030,1.0
28036,1.0
28038,0.0
28045,1.0
28047,1.0
28049,1.0
28051,0.0
28061,0.0
28062,0.0
28068,1.0
28092,0.0
28103,0.0
28112,0.0
28116,1.0
28118,0.0
28123,0.0
28126,0.0
28130,1.0
28137,0.0
28139,1.0
28143,0.0
28160,1.0
28161,1.0
28168,1.0
28170,0.0
28172,0.0
28173,0.0
28176,0.0
28177,0.0
28207,1.0
28212,0.0
28216,1.0
28240,1.0
28247,0.0
28248,0.0
28259,0.0
28273,1.0
28274,0.0
28278,0.0
28294,0.0
28302,1.0
28304,0.0
28305,1.0
28307,1.0
28315,1.0
28324,0.0
28325,0.0
28329,1.0
28330,1.0
28333,0.0
28335,1.0
28339,1.0
28350,1.0
28353,0.0
28354,0.0
28359,1.0
28367,0.0
28369,1.0
28385,0.0
28387,1.0
28394,1.0
28405,1.0
28409,1.0
28416,0.0
28421,1.0
28428,0.0
28441,0.0
28442,0.0
28452,1.0
28464,0.0
28470,0.0
28476,0.0
28487,1.0
28497,1.0
28507,0.0
28510,1.0
28521,0.0
28524,0.0
28531,1.0
28532,0.0
28533,1.0
28545,0.0
28547,0.0
28568,1.0
28581,1.0
28589,1.0
28595,1.0
28605,0.0
28613,0.0
28617,0.0
28621,1.0
28625,0.0
28636,1.0
28642,1.0
28643,0.0
28644,1.0
28647,1.0
28661,0.0
28665,0.0
28668,0.0
28674,1.0
28681,1.0
28692,0.0
28693,1.0
28708,0.0
28709,1.0
28710,0.0
28711,1.0
28723,0.0
28728,1.0
28740,0.0
28758,0.0
28760,0.0
28761,1.0
28773,1.0
28785,1.0
28788,1.0
28810,1.0
28814,1.0
28822,0.0
28823,1.0
28831,1.0
28832,0.0
28845,1.0
28857,0.0
28901,0.0
28902,1.0
28905,1.0
28910,1.0
28926,1.0
28930,1.0
28937,0.0
28959,0.0
28969,1.0
28989,1.0
28998,0.0
29000,0.0
29016,0.0
29025,0.0
29026,1.0
29027,0.0
29043,0.0
29046,0.0
29061,0.0
29071,0.0
29073,0.0
29080,0.0
29085,1.0
29088,1.0
29108,0.0
29123,0.0
29124,0.0
29126,1.0
29127,0.0
29129,0.0
29133,0.0
29142,0.0
29150,1.0
29166,0.0
29190,1.0
29203,0.0
29233,1.0
29243,1.0
29244,1.0
29260,1.0
29294,1.0
29296,1.0
29300,1.0
29301,1.0
29304,1.0
29308,0.0
29309,1.0
29314,1.0
29324,0.0
29325,0.0
29338,1.0
29357,0.0
29363,0.0
29385,0.0
29394,1.0
29396,1.0
29401,0.0
29402,0.0
29427,0.0
29435,0.0
29438,1.0
29443,1.0
29450,0.0
29454,0.0
29466,0.0
29489,1.0
29493,1.0
29500,0.0
29502,0.0
29506,1.0
29518,0.0
29521,1.0
29553,0.0
29567,0.0
29569,0.0
29570,1.0
29583,1.0
29592,1.0
29595,0.0
29597,1.0
29615,1.0
29616,1.0
29638,1.0
29649,1.0
29654,1.0
29655,0.0
29659,1.0
29663,1.0
29665,0.0
29676,1.0
29677,0.0
29679,0.0
29697,1.0
29704,0.0
29705,1.0
29709,1.0
29761,1.0
29787,1.0
29797,1.0
29801,0.0
29819,1.0
29826,1.0
29828,1.0
29831,1.0
29835,0.0
29844,1.0
29854,0.0
29869,0.0
29871,1.0
29878,0.0
29879,0.0
29888,0.0
29904,1.0
29943,0.0
29953,1.0
29959,0.0
29963,1.0
29971,0.0
29975,1.0
29976,0.0
29983,1.0
30006,1.0
30018,0.0
30023,0.0
30033,1.0
30038,0.0
30041,1.0
30043,0.0
30048,0.0
30052,0.0
30060,1.0
30074,0.0
30076,1.0
30078,0.0
30085,1.0
30086,1.0
30089,1.0
30091,1.0
30101,0.0
30135,0.0
30140,1.0
30147,1.0
30155,0.0
30185,0.0
30195,1.0
30198,0.0
30226,0.0
30235,0.0
30245,1.0
30258,0.0
30265,1.0
30273,0.0
30275,0.0
30280,1.0
30282,0.0
30292,0.0
30303,0.0
30313,0.0
30316,1.0
30322,1.0
30326,1.0
30329,1.0
30337,1.0
30340,1.0
30341,1.0
30352,0.0
30356,0.0
30377,0.0
30384,1.0
30390,1.0
30395,0.0
30397,0.0
30399,0.0
30402,1.0
30409,1.0
30414,1.0
30419,0.0
30421,0.0
30426,1.0
30441,1.0
30481,1.0
30484,1.0
30485,1.0
30509,1.0
30516,1.0
30521,1.0
30524,0.0
30538,1.0
30542,1.0
30569,1.0
30572,1.0
30579,0.0
30581,1.0
30586,1.0
30587,0.0
30593,1.0
30600,1.0
30607,0.0
30614,0.0
30617,1.0
30620,1.0
30623,1.0
30627,1.0
30642,0.0
30648,0.0
30660,1.0
30665,0.0
30669,1.0
30672,0.0
30683,0.0
30684,0.0
30708,1.0
30718,0.0
30719,0.0
30737,1.0
30753,0.0
30762,1.0
30767,1.0
30774,1.0
30777,0.0
30785,0.0
30790,1.0
30797,1.0
30806,0.0
30816,1.0
30819,1.0
30823,1.0
30830,0.0
30833,1.0
30851,1.0
30860,1.0
30879,0.0
30890,0.0
30894,0.0
30895,1.0
30914,1.0
30915,1.0
30933,0.0
30950,0.0
30962,1.0
30964,1.0
30971,0.0
30976,1.0
30979,1.0
30987,0.0
30994,1.0
31010,0.0
31014,0.0
31017,0.0
31022,0.0
31024,0.0
31034,1.0
31036,1.0
31038,0.0
31065,1.0
31075,0.0
31082,0.0
31083,1.0
31084,1.0
31095,1.0
31099,0.0
31102,1.0
31105,0.0
31124,0.0
31134,1.0
31143,0.0
31144,1.0
31151,1.0
31180,1.0
31190,1.0
31194,1.0
31206,1.0
31224,0.0
31232,0.0
31233,0.0
31236,1.0
31245,0.0
31249,1.0
31300,1.0
31302,1.0
31305,1.0
31307,1.0
31308,1.0
31310,0.0
31316,0.0
31322,0.0
31328,0.0
31339,1.0
31341,1.0
31343,1.0
31360,1.0
31361,1.0
31372,0.0
31375,1.0
31381,0.0
31383,1.0
31416,1.0
31427,1.0
31433,1.0
31464,1.0
31467,1.0
31470,1.0
31475,0.0
31484,1.0
31485,1.0
31489,1.0
31497,1.0
31506,0.0
31510,0.0
31511,0.0
31528,0.0
31530,0.0
31538,0.0
31539,0.0
31544,1.0
31549,0.0
31558,1.0
31566,1.0
31571,0.0
31576,0.0
31581,0.0
31586,0.0
31591,1.0
31598,0.0
31601,1.0
31608,0.0
31610,1.0
31618,0.0
31619,1.0
31622,1.0
31638,1.0
31644,1.0
31646,1.0
31649,0.0
31658,1.0
31691,1.0
31694,1.0
31699,1.0
31704,1.0
31712,1.0
31734,1.0
31749,1.0
31751,1.0
31753,0.0
31768,0.0
31772,0.0
31776,0.0
31779,0.0
31786,0.0
31803,1.0
31810,0.0
31821,1.0
31844,1.0
31861,0.0
31880,1.0
31891,0.0
31898,0.0
31917,1.0
31926,1.0
31933,0.0
31943,1.0
31946,1.0
31949,0.0
31957,1.0
31960,1.0
31974,0.0
31987,0.0
32000,1.0
32020,0.0
32023,0.0
32026,1.0
32033,1.0
32037,1.0
32039,0.0
32051,0.0
32058,1.0
32069,0.0
32071,0.0
32075,0.0
32088,0.0
32091,0.0
32092,0.0
32096,1.0
32102,0.0
32115,0.0
32133,0.0
32150,1.0
32161,0.0
32164,1.0
32168,1.0
32169,0.0
32170,1.0
32176,1.0
32184,0.0
32187,1.0
32188,0.0
32195,1.0
32203,0.0
32207,0.0
32213,1.0
32215,1.0
32217,1.0
32218,0.0
32221,1.0
32237,1.0
32254,0.0
32265,0.0
32277,1.0
32279,1.0
32288,0.0
32301,0.0
32304,1.0
32310,0.0
32318,1.0
32330,1.0
32332,1.0
32333,0.0
32334,1.0
32338,1.0
32342,0.0
32346,0.0
32352,1.0
32353,1.0
32357,1.0
32370,0.0
32379,1.0
32382,0.0
32386,0.0
32405,0.0
32412,1.0
32416,1.0
32418,1.0
32421,1.0
32423,1.0
32425,1.0
32427,0.0
32428,1.0
32436,1.0
32456,1.0
32460,1.0
32472,0.0
32475,1.0
32482,1.0
32489,0.0
32497,0.0
32499,0.0
32518,1.0
32521,1.0
32523,1.0
32528,0.0
32536,0.0
32550,0.0
32551,0.0
32552,0.0
32553,0.0
32558,0.0
32563,0.0
32576,0.0
32581,0.0
32584,0.0
32585,0.0
32587,0.0
32589,1.0
32595,1.0
32596,0.0
32601,1.0
32613,0.0
32615,1.0
32627,0.0
32628,0.0
32635,1.0
32640,1.0
32641,0.0
32647,1.0
32662,1.0
32667,0.0
32671,1.0
32680,0.0
32700,0.0
32702,0.0
32711,0.0
32714,0.0
32718,0.0
32723,0.0
32737,0.0
32740,0.0
32744,1.0
32750,1.0
32760,0.0
32762,1.0
32763,0.0
32766,1.0
32794,0.0
32806,1.0
32824,1.0
32831,0.0
32849,0.0
32865,1.0
32868,0.0
32870,1.0
32876,1.0
32878,0.0
32880,0.0
32881,0.0
32890,0.0
32891,1.0
32898,1.0
32912,0.0
32921,0.0
32923,1.0
32933,0.0
32937,0.0
32944,0.0
32947,1.0
32957,1.0
32959,0.0
32965,1.0
32970,0.0
32976,1.0
32977,0.0
32982,0.0
32994,0.0
32998,1.0
33019,0.0
33034,0.0
33041,1.0
33042,1.0
33059,1.0
33066,1.0
33076,1.0
33077,1.0
33088,0.0
33099,1.0
33108,0.0
33114,0.0
33116,0.0
33124,0.0
33127,1.0
33146,0.0
33154,1.0
33166,0.0
33177,1.0
33180,1.0
33181,1.0
33192,1.0
33195,0.0
33196,1.0
33201,1.0
33202,0.0
33205,0.0
33206,1.0
33208,0.0
33220,0.0
33240,1.0
33255,0.0
33260,1.0
33262,0.0
33266,1.0
33272,1.0
33283,0.0
33291,1.0
33292,1.0
33299,0.0
33324,0.0
33328,0.0
33344,1.0
33348,1.0
33366,1.0
33375,1.0
33381,0.0
33416,0.0
33444,0.0
33448,1.0
33450,0.0
33451,0.0
33455,1.0
33456,0.0
33461,0.0
33462,1.0
33468,1.0
33471,0.0
33476,0.0
33490,1.0
33496,1.0
33517,1.0
33520,0.0
33526,1.0
33529,1.0
33537,0.0
33538,0.0
33550,0.0
33551,0.0
33570,1.0
33581,1.0
33582,0.0
33588,0.0
33599,0.0
33602,0.0
33606,0.0
33613,1.0
33619,1.0
33633,1.0
33651,1.0
33652,1.0
33653,1.0
33659,0.0
33672,0.0
33679,1.0
33681,0.0
33684,0.0
33705,0.0
33706,1.0
33711,0.0
33734,1.0
33738,0.0
33760,1.0
33769,1.0
33777,1.0
33779,0.0
33786,1.0
33804,0.0
33813,0.0
33815,1.0
33830,0.0
33839,1.0
33859,0.0
33867,1.0
33874,1.0
33878,1.0
33879,1.0
33890,1.0
33892,0.0
33893,1.0
33896,1.0
33901,0.0
33907,1.0
33916,0.0
33957,0.0
33962,1.0
33963,0.0
33979,0.0
33988,1.0
33989,1.0
34008,0.0
34016,1.0
34026,1.0
34033,1.0
34044,0.0
34051,1.0
34058,1.0
34061,0.0
34062,1.0
34073,1.0
34085,1.0
34102,0.0
34107,0.0
34114,0.0
34151,0.0
34158,1.0
34166,1.0
34177,1.0
34187,0.0
34188,1.0
34190,0.0
34194,0.0
34208,0.0
34217,0.0
34243,0.0
34250,0.0
34254,1.0
34266,0.0
34269,0.0
34276,0.0
34286,0.0
34295,1.0
34297,0.0
34303,1.0
34309,1.0
34313,1.0
34324,0.0
34327,0.0
34330,1.0
34334,0.0
34354,0.0
34373,1.0
34396,0.0
34399,0.0
34405,0.0
34423,0.0
34429,0.0
34430,1.0
34441,0.0
34443,1.0
34452,0.0
34471,0.0
34474,0.0
34482,1.0
34484,0.0
34486,1.0
34490,0.0
34512,0.0
34521,0.0
34526,0.0
34543,0.0
34549,1.0
34556,0.0
34566,0.0
34569,0.0
34576,0.0
34599,1.0
34606,1.0
34617,0.0
34624,0.0
34626,0.0
34630,0.0
34654,0.0
34655,0.0
34660,1.0
34670,0.0
34678,0.0
34685,1.0
34692,0.0
34705,1.0
34709,0.0
34721,1.0
34726,0.0
34728,0.0
34736,0.0
34742,1.0
34749,1.0
34760,0.0
34768,0.0
34799,1.0
34816,0.0
34853,0.0
34860,1.0
34868,0.0
34877,1.0
34878,0.0
34884,0.0
34886,0.0
34889,0.0
34914,1.0
34920,1.0
34930,1.0
34931,1.0
34932,0.0
34941,0.0
34946,0.0
34950,0.0
34955,0.0
34989,1.0
34993,1.0
34999,0.0
35005,0.0
35008,0.0
35019,0.0
35028,1.0
35038,1.0
35046,1.0
35052,1.0
35053,0.0
35055,0.0
35065,1.0
35073,1.0
35085,1.0
35096,1.0
35097,0.0
35098,1.0
35100,0.0
35107,1.0
35109,0.0
35118,0.0
35127,0.0
35131,1.0
35142,0.0
35149,0.0
35151,1.0
35155,1.0
35156,0.0
35157,0.0
35160,0.0
35170,0.0
35194,1.0
35197,1.0
35202,1.0
35216,1.0
35218,0.0
35225,0.0
35229,0.0
35230,0.0
35237,0.0
35253,1.0
35255,1.0
35257,0.0
35259,0.0
35268,1.0
35272,0.0
35297,1.0
35305,1.0
35325,1.0
35336,1.0
35339,0.0
35373,0.0
35393,0.0
35394,1.0
35409,0.0
35412,1.0
35413,0.0
35425,1.0
35428,0.0
35429,0.0
35441,0.0
35459,1.0
35462,0.0
35486,0.0
35497,0.0
35499,0.0
35500,0.0
35504,1.0
35514,1.0
35535,0.0
35558,1.0
35570,0.0
35576,1.0
35578,1.0
35586,1.0
35590,0.0
35603,1.0
35624,0.0
35629,1.0
35641,1.0
35660,0.0
35669,0.0
35671,0.0
35697,1.0
35709,0.0
35717,0.0
35737,0.0
35744,1.0
35747,1.0
35758,0.0
35765,1.0
35775,0.0
35777,1.0
35780,0.0
35781,0.0
35793,0.0
35794,0.0
35800,0.0
35823,0.0
35833,1.0
35838,0.0
35851,1.0
35854,1.0
35858,1.0
35872,0.0
35878,1.0
35881,1.0
35886,1.0
35887,0.0
35889,0.0
35890,1.0
35891,1.0
35892,1.0
35901,1.0
35915,0.0
35918,1.0
35924,0.0
35926,1.0
35934,1.0
35948,1.0
35952,1.0
35955,0.0
35982,0.0
35983,0.0
35986,1.0
35987,0.0
35988,1.0
36010,1.0
36017,0.0
36020,0.0
36026,1.0
36034,1.0
36048,0.0
36073,0.0
36074,0.0
36077,0.0
36104,0.0
36107,1.0
36131,1.0
36178,1.0
36184,0.0
36188,1.0
36192,0.0
36197,0.0
36209,1.0
36221,1.0
36223,1.0
36228,1.0
36231,0.0
36232,0.0
36244,0.0
36249,0.0
36260,1.0
36269,1.0
36272,1.0
36273,0.0
36274,0.0
36291,1.0
36292,0.0
36295,1.0
36301,0.0
36306,1.0
36315,0.0
36317,0.0
36319,1.0
36333,0.0
36334,0.0
36347,0.0
36377,0.0
36384,1.0
36385,0.0
36427,0.0
36432,0.0
36433,0.0
36449,0.0
36454,0.0
36482,1.0
36484,1.0
36486,0.0
36489,1.0
36496,0.0
36508,1.0
36513,0.0
36514,1.0
36516,0.0
36523,0.0
36539,0.0
36556,0.0
36558,1.0
36562,0.0
36569,0.0
36576,1.0
36580,0.0
36582,0.0
36615,0.0
36630,1.0
36633,1.0
36638,0.0
36644,1.0
36649,0.0
36654,1.0
36658,1.0
36660,0.0
36663,1.0
36667,1.0
36672,0.0
36674,0.0
36681,0.0
36699,1.0
36701,1.0
36713,0.0
36715,1.0
36716,1.0
36718,1.0
36744,1.0
36749,0.0
36751,0.0
36753,0.0
36758,1.0
36763,0.0
36771,1.0
36772,1.0
36778,1.0
36789,1.0
36794,1.0
36796,1.0
36800,0.0
36815,0.0
36820,1.0
36821,0.0
36829,0.0
36842,0.0
36843,1.0
36845,0.0
36847,1.0
36851,0.0
36866,0.0
36869,1.0
36881,0.0
36882,1.0
36896,1.0
36898,1.0
36912,1.0
36918,1.0
36920,1.0
36943,1.0
36971,1.0
36993,0.0
37001,0.0
37014,1.0
37017,1.0
37025,0.0
37054,0.0
37063,1.0
37066,0.0
37073,0.0
37075,1.0
37076,0.0
37087,1.0
37094,0.0
37095,1.0
37096,0.0
37099,0.0
37100,1.0
37102,0.0
37107,1.0
37111,0.0
37114,1.0
37120,0.0
37141,1.0
37144,1.0
37169,1.0
37183,0.0
37187,1.0
37193,0.0
37201,1.0
37229,1.0
37230,1.0
37234,1.0
37242,0.0
37243,1.0
37247,0.0
37273,0.0
37274,1.0
37287,0.0
37290,1.0
37292,0.0
37303,0.0
37315,0.0
37322,0.0
37331,1.0
37332,0.0
37343,1.0
37350,0.0
37356,0.0
37360,1.0
37377,0.0
37378,0.0
37387,0.0
37389,1.0
37390,1.0
37396,1.0
37408,0.0
37410,1.0
37416,0.0
37417,1.0
37419,1.0
37421,0.0
37431,1.0
37433,1.0
37455,0.0
37456,1.0
37464,1.0
37488,0.0
37489,1.0
37501,0.0
37507,0.0
37528,0.0
37529,1.0
37532,1.0
37538,0.0
37545,0.0
37546,1.0
37548,1.0
37562,0.0
37563,1.0
37566,0.0
37578,1.0
37584,1.0
37591,1.0
37623,0.0
37625,1.0
37628,0.0
37635,0.0
37636,0.0
37640,1.0
37670,0.0
37673,1.0
37684,0.0
37697,0.0
37705,0.0
37708,1.0
37727,0.0
37732,0.0
37749,1.0
37750,1.0
37758,1.0
37764,1.0
37768,1.0
37772,1.0
37799,0.0
37802,1.0
37811,0.0
37814,1.0
37816,1.0
37829,1.0
37833,0.0
37836,0.0
37857,1.0
37866,1.0
37875,0.0
37883,1.0
37887,1.0
37893,1.0
37902,1.0
37912,0.0
37914,1.0
37916,0.0
37927,0.0
37941,1.0
37944,1.0
37959,0.0
37960,0.0
37973,1.0
37974,1.0
37976,0.0
37994,0.0
37999,0.0
38009,0.0
38023,0.0
38042,0.0
38044,0.0
38050,0.0
38067,0.0
38069,0.0
38094,0.0
38111,1.0
38141,1.0
38159,1.0
38160,1.0
38162,1.0
38183,1.0
38193,1.0
38210,1.0
38216,1.0
38225,1.0
38233,0.0
38240,0.0
38246,0.0
38249,0.0
38252,1.0
38254,0.0
38255,1.0
38260,1.0
38263,0.0
38267,0.0
38279,0.0
38280,0.0
38298,0.0
38300,1.0
38303,0.0
38304,0.0
38309,0.0
38320,0.0
38324,0.0
38339,1.0
38346,0.0
38348,0.0
38357,0.0
38360,0.0
38365,0.0
38368,1.0
38376,0.0
38380,1.0
38383,0.0
38413,1.0
38431,1.0
38441,1.0
38443,1.0
38444,0.0
38452,1.0
38456,1.0
38469,0.0
38476,1.0
38486,0.0
38487,0.0
38489,0.0
38492,1.0
38497,1.0
38501,0.0
38505,1.0
38506,0.0
38520,0.0
38521,1.0
38526,0.0
38537,0.0
38538,0.0
38542,0.0
38556,0.0
38565,0.0
38568,1.0
38573,0.0
